area,aspect_ratio,circularity,solidity,h,s,v,label
30007.5,1.3872832369942196,0.6888205250520371,0.9827247420992304,173.83478318175827,185.17800184526163,224.2747792276262,1
76974.5,1.1121794871794872,0.6739110362150564,0.9867450341949916,172.83285179930348,193.24418934605958,223.23201341416225,1
41604.0,0.6377358490566037,0.7198400538495102,0.9865547414099737,169.1830707724525,221.73180714863642,181.5261767645519,1
22027.0,0.6875,0.6123451836021419,0.9754660998184315,169.0702901146132,189.24037428366762,233.39505730659025,1
29877.5,1.3859649122807018,0.6796264786905928,0.9806833847567781,171.9836548324124,181.05393243556233,224.12844522383617,1
24751.0,1.3625730994152048,0.626821406589345,0.9722096745684152,172.2325581395349,167.1707287885436,107.3983405799992,1
275497.5,1.3333333333333333,0.7829704856065309,0.995265671512384,176.44865910775962,199.94220510316643,190.29120960596032,1
38197.0,1.1790393013100438,0.6854680962809734,0.9637432507443104,173.36026246174595,214.30170133305668,174.86109238031017,1
12209.0,0.9736842105263158,0.6961038574986245,0.967049504950495,174.54532258064515,217.83048387096775,175.07879032258066,1
7342.0,1.0263157894736843,0.718205517674801,0.9817476766731297,176.92747428876717,199.93829304127152,163.6616802457593,1
6193.0,1.0380952380952382,0.71853567878363,0.977662009629805,171.8094861660079,213.57280632411067,141.60474308300397,1
4128.0,0.7835051546391752,0.7275521699290546,0.9794756198837348,167.6336166194523,214.69145420207744,135.92752596789424,1
2293.5,0.9253731343283582,0.7239817949437556,0.9675174013921114,176.3418947368421,217.17726315789474,102.29052631578948,1
8973.5,1.639344262295082,0.4061103882613627,0.9628218884120172,166.2066753642096,195.51891715590344,132.40661013263752,1
6076.5,1.6428571428571428,0.3401928991171357,0.9598767869836505,163.5388906598661,174.4784826267134,128.3551163532037,1
22739.5,0.6932773109243697,0.6317612706564986,0.9757976269659064,172.1851851851852,213.1466284572967,202.5522990751596,1
9190.5,0.4774774774774775,0.3934743881753126,0.9538661131292164,163.03152196985778,195.56909361069836,181.6188707280832,1
7119.0,0.4786729857819905,0.33679231106002644,0.9398640174268929,160.5681198910082,187.14618528610356,178.53446866485015,1
30078.5,0.8266666666666667,0.7008590076451422,0.9787355199791749,171.37077100115076,217.0667105046852,100.12664803550881,1
31539.0,0.8904109589041096,0.7099517751145007,0.9821714961929526,171.00263446761798,218.59168888191937,110.12617218127646,1
39893.0,0.6952054794520548,0.5988728888996888,0.9610455311973018,176.55717936630026,173.0354564176364,245.15986402997294,1
38776.5,0.646875,0.6298992552427963,0.976774941118682,170.79526010674977,222.7349899124039,184.07835125264958,1
22364.0,2.030534351145038,0.5390465639726593,0.9867631486057183,167.68134966082283,226.7279534842745,183.38758699674037,1
9034.0,1.0,0.6760356544087829,0.9804113082641489,176.75923110338834,212.91072980017375,164.80962206776715,1
11593.0,0.9078947368421053,0.6780346379736605,0.9805878621272996,176.54836246394026,195.10478533853725,181.80383505854405,1
64701.5,0.7560975609756098,0.7357309128647622,0.9928111094061685,171.79049168751826,213.8367591299142,216.47355817202157,1
29659.5,0.4880239520958084,0.5308230247869679,0.9807387077574234,160.9321232306411,206.33248959200665,197.0701415487094,1
17074.5,0.6448598130841121,0.7107174115861253,0.9851430879298407,170.5698676070995,231.6125917789212,102.42764641267271,1
8272.0,0.7980769230769231,0.7704529393252586,0.9895328667982535,176.54535777646365,189.7492607924305,165.27853341218216,1
8084.0,1.0803571428571428,0.6865079389832699,0.9634131807889406,176.2979393939394,185.26230303030303,171.14763636363637,1
14530.5,1.108695652173913,0.7002772516987793,0.9749723219377998,171.3427487638014,189.5075526654474,178.7958409537357,1
5854.5,0.5714285714285714,0.6049944629170033,0.9690474219978482,173.28854809134856,201.35889314885813,110.37256209368228,1
5862.5,0.5827338129496403,0.609912480551886,0.9718193120596768,173.0897435897436,201.55877455877456,110.46336996336996,1
5853.0,0.5755395683453237,0.6097752724561925,0.9735528942115769,173.0867100216775,201.7195264298816,110.5552776388194,1
5850.5,0.5755395683453237,0.6115761323060824,0.9746772178259059,173.16416416416416,201.61011011011013,110.56706706706707,1
5844.0,0.5755395683453237,0.6088376383267727,0.9739188400966586,173.42752171008686,201.70106880427522,110.40514362057449,1
2892.0,0.3387096774193548,0.4485184144635497,0.9558750619732276,171.37649006622516,157.68609271523178,108.94867549668874,1
2899.0,0.3333333333333333,0.43722957806226254,0.948005232177894,171.1961043248597,157.7068339385936,108.97457906899967,1
2903.0,0.336,0.44396378762671584,0.9560349086118887,171.46207124010553,157.20877308707122,108.94920844327176,1
7378.5,0.9083333333333333,0.6983635836403329,0.9784511338018831,174.67556440903053,207.600796812749,145.33452855245685,1
2288.5,0.23316062176165803,0.15464203768190796,0.7865612648221344,158.9714859437751,161.98112449799197,171.36465863453816,1
2286.5,0.234375,0.15534984328357593,0.7823781009409752,157.78769601930037,161.60233212706072,171.20024125452352,1
3691.0,0.15458937198067632,0.23365886068632222,0.9272704434116317,146.52151639344262,156.87756147540983,94.46670081967214,1
3664.0,0.1568627450980392,0.23617122650922132,0.9330277565571683,145.63612903225808,156.86761290322582,94.80490322580646,1
3672.0,0.15609756097560976,0.23668688459243573,0.9335197661116055,146.2446561936647,156.5724954931754,94.85269121813032,1
3671.0,0.1553398058252427,0.2366224272520867,0.9331469242501271,146.80473982483258,156.9438433797012,95.00669757856775,1
3683.5,0.1553398058252427,0.2359144923108627,0.9345426867943676,146.1997432605905,156.71065468549423,94.95840821566111,1
8240.5,0.6388888888888888,0.6764382356266031,0.9789142314088857,166.1756242568371,223.9411414982164,151.2395957193817,1
8245.5,0.6388888888888888,0.6768486699911026,0.9777659196015652,166.27332144979204,223.85383244206773,151.2799762329174,1
8241.5,0.6458333333333334,0.6736645742760416,0.9771177900290474,166.60527880156937,223.82665557008679,151.24206396385685,1
8236.5,0.6458333333333334,0.6732558712189108,0.9779162956366875,166.48810373542707,223.87853913871047,151.11979538424936,1
6072.5,0.8275862068965517,0.6844979507601383,0.9622850804215197,175.33317230273752,221.15797101449277,107.92415458937198,1
6081.5,0.8275862068965517,0.6855124383042903,0.959378450859757,175.26547676475317,222.46325775848206,107.41083775526612,1
6087.0,0.8275862068965517,0.6885463004283126,0.9602460955986749,175.34511568123392,222.7050128534704,107.51172879177378,1
2445.0,0.3925233644859813,0.4800262981227153,0.9205572289156626,162.93862392494137,165.8944487881157,107.32329945269741,1
2442.5,0.3888888888888889,0.4698813526209941,0.9229170602682789,162.6304262807978,165.3461087211576,107.2835353930387,1
2458.0,0.3853211009174312,0.46767329537200814,0.9238864875023491,160.03264671589585,165.77613680528566,106.90361445783132,1
6326.0,0.7310924369747899,0.6554768347926191,0.9694276300666615,170.98024691358023,224.3287037037037,144.27608024691358,1
6325.0,0.7310924369747899,0.6553732184734928,0.9705385913764002,170.9888871739466,223.94597931779597,144.17348356227814,1
6327.0,0.7310924369747899,0.6555804511117453,0.9688385269121813,171.0212930103379,223.84971455022372,144.14380496836907,1
5928.0,0.35374149659863946,0.5647237415258256,0.9627283800243606,168.2654533530087,182.12411870798493,105.79504836858501,1
5977.5,0.35374149659863946,0.5650304976508482,0.9659825468648998,167.82582533745327,181.96731175800946,106.00471621401854,1
5943.0,0.35374149659863946,0.5687442794154581,0.9722699386503068,168.37455021262676,182.3488714425908,105.90611710827609,1
17698.5,1.016304347826087,0.7512446502626653,0.9845353656162211,172.01720382058872,212.74088141652237,182.02563816120204,1
40359.5,1.2372881355932204,0.734155300533144,0.9856040440547998,175.31375006142807,179.79279080053072,230.85208118335052,1
137850.5,1.2147971360381862,0.7148730705061038,0.9866020147077242,175.58547255349254,175.928784903699,230.06180878403742,1
9844.0,0.4729064039408867,0.5108837854781885,0.971335537026987,173.5875683739433,197.38319244157134,197.1700646444555,1
10366.5,0.986013986013986,0.7327060767764988,0.9790800906686815,176.2337575987842,205.57000379939208,171.73869680851064,1
10364.5,0.9790209790209791,0.7313738414419023,0.9750235183443086,176.11579747316426,205.8590291631044,171.93169943953643,1
3891.5,0.8051948051948052,0.7270035228278408,0.9704488778054863,172.3398058252427,209.31516056758775,139.84092606422703,1
3887.0,0.8051948051948052,0.7228936611427305,0.9699313786650031,173.6257164216297,209.62521804136557,139.81535011213555,1
2258.5,0.4375,0.6283506916478502,0.9758047094404839,176.36425243540873,215.89707750952985,134.65226598898772,1
2260.5,0.4375,0.6240326994400857,0.9751941328731665,176.27930596699113,215.51333051206095,134.5950063478629,1
6316.0,0.6141732283464567,0.6665257298207834,0.9756700393913648,172.19542362399505,196.86270871985158,107.41280148423006,1
6314.0,0.6141732283464567,0.666314670835353,0.9740069417662939,172.09031858954532,196.64692236313024,107.34812867305908,1
4880.5,0.6346153846153846,0.6802348790167029,0.9626232741617357,172.91711496314008,210.09802749551704,146.77166766288104,1
7053.5,0.7416666666666667,0.685747026565247,0.9730978823204801,175.35883575883574,206.38475398475396,114.54733194733194,1
3106.0,0.3853211009174312,0.5699885607404439,0.9656458883879994,166.94356589147287,159.4368992248062,112.52589147286822,1
7966.0,0.7202797202797203,0.688206390067826,0.9754484785403784,171.61600985221673,221.893842364532,155.49495073891623,1
9020.5,0.762962962962963,0.6883404146372155,0.9771434761414721,173.82078034996198,212.20236930768397,111.08607760026085,1
9013.5,0.762962962962963,0.6878062554550792,0.9783458156952133,173.96791385686316,212.32521209484446,110.98879704154884,1
1195.5,0.2857142857142857,0.3540770018508995,0.9325273010920437,145.65220759101473,169.83888458559258,128.5406661502711,1
3007.0,1.1311475409836065,0.7129134955214922,0.969062197873026,169.89755940912008,215.54977520873473,114.59344894026974,1
2998.5,1.1147540983606556,0.7197131327973642,0.9735389610389611,171.35555555555555,215.74041867954912,114.38454106280193,1
4415.0,0.6464646464646465,0.6527500932789101,0.9800221975582686,174.87716985277962,200.83981542518129,162.94286969896726,1
5824.5,0.9714285714285714,0.5993301869277913,0.9529613874345549,174.9841030789826,136.3418674698795,150.35542168674698,1
5839.5,0.9903846153846154,0.6250621534969312,0.9565110565110565,174.79509018036075,136.08867735470943,150.60203740814964,1
105287.0,1.0180722891566265,0.7553525497278972,0.9890561004020592,174.3081918930655,204.30649272188344,207.56163271470916,1
73712.0,1.038338658146965,0.683479332999439,0.9774895735948389,174.3461859613209,183.66157140548404,228.76675375747456,1
48622.0,0.8951310861423221,0.6988782127691737,0.986387519526099,175.12516305233981,198.13940975052992,227.30521359856513,1
42557.5,0.8202247191011236,0.6768022006945315,0.982852193995381,175.13305410122163,196.62587550901688,231.5733100639907,1
69989.0,1.0202702702702702,0.7267692076369332,0.981943431168977,172.83371156246454,219.40172188811982,134.65209066152275,1
8411.0,0.6290322580645161,0.7152058758847089,0.9831102799368827,174.15247732030704,227.10642009769714,166.73679925564085,1
8473.0,0.6422764227642277,0.7204778725919794,0.9826046619505973,174.18695150115474,227.1230946882217,166.6704387990762,1
10906.0,0.8413793103448276,0.6793136979073857,0.9750558784085829,175.98910204449248,222.98378816536072,142.13951184364586,1
4684.5,0.375,0.5690285484670705,0.9738072965388214,168.0243952863345,187.42071531941286,99.27558403969402,1
4675.0,0.375,0.5699487276274956,0.972742405326675,168.32628962088253,188.33871970167806,98.47047855811063,1
1458.0,0.39814814814814814,0.2825360582885003,0.9067164179104478,121.79758115849776,164.01718650541056,128.56842775302354,1
1462.0,0.3944954128440367,0.2789129006558337,0.91375,133.5501269035533,164.10850253807106,128.71129441624365,1
7774.5,0.5864661654135338,0.634269381926163,0.9687850467289719,170.60914343129866,205.94549108264255,97.84677216779703,1
5435.5,0.49242424242424243,0.5311340651580759,0.9488522300776817,168.3952533904354,190.2560670949322,92.08868665239115,1
2001.0,0.296875,0.2824579686422535,0.8718954248366013,73.47196261682244,138.19439252336448,110.30560747663552,1
2002.5,0.29365079365079366,0.2948799632281029,0.9044715447154471,72.47826086956522,139.38101916783543,111.39691444600281,1
2015.0,0.29133858267716534,0.2915366604295011,0.8975501113585747,53.76962378077102,138.8230376219229,111.42034370645611,1
9483.0,0.9280575539568345,0.7640543050963348,0.9808647083160943,173.25090833592856,219.87657012353367,157.8295442748884,1
456.0,0.273972602739726,0.21194910039674816,0.8491620111731844,44.8968105065666,149.5872420262664,121.9155722326454,1
6048.0,0.9797979797979798,0.6856459928560876,0.9708644353479412,173.437540348612,223.21707553260165,109.66801162040025,1
1655.5,1.830188679245283,0.1735659273236866,0.4561234329797493,7.756622516556291,131.1081677704194,126.62251655629139,0
1730.5,2.0,0.21163446395817967,0.501885150812065,7.5536,131.13866666666667,125.71626666666667,0
1655.0,1.9215686274509804,0.16900661563957997,0.46462661426165075,7.335170893054024,131.17695700110255,126.25027563395811,0
4662.5,2.9565217391304346,0.2101401337545189,0.47520766447536056,172.85863125638406,212.6026557711951,148.61756894790602,0
4426.5,2.8,0.21119896877632385,0.4692817386694938,172.85361134995702,208.707222699914,149.06857265692176,0
3989.5,2.585714285714286,0.21235060511730186,0.4592230215827338,173.36592909826317,209.35855341422794,149.1548893647395,0
8871.0,3.3698630136986303,0.31422479466088493,0.7394656774892677,171.49726835664336,223.46722027972027,140.96263111888112,0
26048.0,2.596590909090909,0.24713479930620835,0.8543409098363344,171.46415264762334,223.65059651499755,118.03774792066538,0
27286.0,2.5824175824175826,0.2547407308256309,0.8882306027116327,172.08726449014816,222.67798072774343,118.71968934272977,0
737.0,0.8048780487804879,0.5706359916235882,0.8842231553689263,175.62547288776796,188.4829760403531,88.68221941992434,0
806.0,0.8653846153846154,0.30521634087447014,0.7145390070921985,7.468325791855205,158.3269230769231,116.94909502262445,0
846.0,0.8653846153846154,0.27165957432622645,0.7017834923268353,7.243823845327604,156.47475832438238,117.35982814178303,0
864.0,0.9056603773584906,0.23823649435246053,0.670547147846333,7.249999999999999,153.87656903765688,118.78765690376568,0
1414.0,0.7735849056603774,0.6993573763713119,0.9439252336448598,174.12045760430686,201.34118438761777,152.55383580080755,0
1796.5,0.9629629629629629,0.6931648022295812,0.9485216473072862,174.13471778487755,203.94621938232163,151.95473908413206,0
611.5,0.65,0.535054763694385,0.8451969592259848,7.881381381381381,131.95345345345345,104.7987987987988,0
491.5,0.7272727272727273,0.6171231916090028,0.9051565377532228,8.332096474953618,130.59554730983302,107.92578849721707,0
991.0,0.9574468085106383,0.3471662292525441,0.6998587570621468,8.749536178107606,129.5705009276438,105.74768089053804,0
1161.0,0.7586206896551724,0.306359607895231,0.6666666666666666,8.664817749603804,127.98890649762282,106.87797147385103,0
1104.0,0.9791666666666666,0.31493977688090485,0.75,9.002500000000001,128.58583333333334,107.84083333333334,0
1324.5,2.264705882352941,0.3413655573421168,0.6843192973391888,153.2466713384723,201.11913104414856,133.7435178696566,0
1228.5,2.6923076923076925,0.5079970482778987,0.9296254256526674,168.63865546218486,219.25286478227653,100.414820473644,0
719.5,0.5853658536585366,0.6852152001262906,0.9644772117962467,173.10594315245478,225.08785529715763,103.74806201550388,0
1089.0,2.72,0.479643256538347,0.9128248113998324,170.9802913453299,221.77292202227937,96.41902313624679,0
734.0,1.0,0.5422191730450079,0.8848704038577456,151.42317380352645,201.11335012594458,110.41561712846347,0
497.5,0.5365853658536586,0.3027600553095399,0.7041755130927105,8.136042402826854,133.69964664310953,97.2226148409894,0
556.0,0.5116279069767442,0.36826782476013276,0.7528774542992552,8.021035598705502,133.41100323624596,99.55016181229774,0
544.0,0.5882352941176471,0.25391023770295745,0.564608199273482,7.993548387096774,133.42096774193547,101.80322580645161,0
1327.0,0.8181818181818182,0.49317513309023253,0.8074231822330392,8.063120567375886,130.01560283687945,116.80992907801419,0
1254.0,0.7777777777777778,0.4577585789910111,0.8134933506325008,8.43605086013463,128.93866866118174,116.41436050860135,0
1155.0,0.7592592592592593,0.42383393498732735,0.7851801495581238,8.468926553672317,128.6271186440678,115.34059725585149,0
1227.0,0.6833333333333333,0.3603558424828227,0.7893213251849469,8.44275966641395,128.82714177407126,118.15466262319939,0
1140.5,0.65,0.3712969189251682,0.7649228705566734,8.386178861788618,129.51544715447153,115.69756097560976,0
1258.0,0.711864406779661,0.47787011438109234,0.8134497251859036,8.207462686567164,129.90970149253732,116.10373134328358,0
1363.0,0.711864406779661,0.44861116373333165,0.8228191971023242,8.441844459738471,130.16930488644184,116.97315898141775,0
3260.5,9.19047619047619,0.22311967436228605,0.9302425106990014,150.09853068280034,205.75943532123307,101.8968596946125,0
983.5,1.65625,0.5745228278972768,0.9534658264663112,174.01522359657469,189.5708848715509,175.418648905804,0
1310.5,3.36,0.39633773893535307,0.8863713222861008,141.14356787491116,192.89267945984363,96.73063255152807,0
1802.5,3.793103448275862,0.3354834119299248,0.8918852053438892,144.2641411520498,197.5023352361183,96.03892060197197,0
1048.5,0.8095238095238095,0.17819011280673144,0.4945754716981132,8.156996587030717,143.16723549488054,120.15017064846417,0
1183.5,0.8125,0.151713632262594,0.4845445240532242,8.259036144578314,141.47213855421688,121.75301204819277,0
1252.5,0.5060240963855421,0.12097931786967116,0.5405697022011221,9.091872791519434,134.9590106007067,138.21272084805653,0
1779.0,0.5,0.2948853595709264,0.6840992116900596,9.242647058823529,133.7268907563025,138.5829831932773,0
1685.5,0.5232558139534884,0.22148997104387674,0.6704455051710422,9.257940854326396,134.06626506024097,137.13855421686748,0
12693.0,2.541176470588235,0.49326614038336053,0.9364072298045002,173.84872328936203,222.61991822880503,112.87657178122348,0
6339.5,1.8037383177570094,0.15438480381583902,0.5286440960640427,129.07547737182378,188.468200270636,139.49541422342506,0
1000.0,0.5684210526315789,0.19408959538682424,0.764525993883792,8.504504504504505,140.62702702702703,120.20450450450451,0
1022.0,0.5714285714285714,0.18316592600295034,0.7745358090185677,8.248681898066783,140.39543057996485,119.39982425307556,0
1272.5,0.6612903225806451,0.3150350727195999,0.7502948113207547,170.14898255813952,175.4549418604651,199.8015988372093,0
17335.5,1.6166666666666667,0.07878072456716533,0.6051630245060392,99.81437988146016,164.8782473827065,123.76978895474437,0
17692.5,1.6384180790960452,0.07328285785838623,0.6265604249667994,105.9315692441167,164.72172215594838,124.32057260600803,0
490.0,1.5833333333333333,0.5683870426534299,0.831918505942275,5.4440298507462686,134.95149253731344,147.73134328358208,0
640.5,0.8372093023255814,0.29508632314595706,0.6185417672621922,8.970670391061454,130.77653631284917,87.55167597765363,0
752.5,0.7608695652173914,0.3123949180046113,0.6600877192982456,8.931490384615385,130.546875,87.4795673076923,0
935.0,0.7090909090909091,0.28730956706826494,0.6603107344632768,9.00875486381323,130.89785992217898,88.17607003891051,0
752.5,0.8536585365853658,0.4165511019858104,0.7417447018235584,8.989051094890511,130.68369829683698,89.2603406326034,0
2494.5,1.5943396226415094,0.14601046133850396,0.6542950819672131,171.8551800965466,152.76197549201635,180.76828815447456,0
824.0,1.275,0.47790910726976743,0.8194927896568871,32.05073280721533,136.70011273957158,126.37767756482525,0
743.0,1.3243243243243243,0.45844342196874355,0.8287785833798104,23.854658385093167,137.02608695652174,113.35403726708076,0
1016.5,1.186046511627907,0.35831238966662404,0.6998278829604131,7.915684496826836,138.2420670897552,103.34995466908431,0
1031.0,0.9259259259259259,0.3012060711043901,0.6077217801355732,8.052351375332742,137.76220053238688,103.73025732031944,0
570.5,0.5,0.45271388659860257,0.8624338624338624,7.890127388535032,137.12101910828025,112.74522292993632,0
470.5,0.4883720930232558,0.4839866959350069,0.8462230215827338,8.153256704980842,136.9367816091954,112.38697318007662,0
457.0,1.0285714285714285,0.4201556495743822,0.8309090909090909,8.614931237721022,138.40275049115914,117.92730844793712,0
262.5,1.5555555555555556,0.5938994514422653,0.9391771019677997,7.925675675675676,140.98648648648648,123.26013513513514,0
69851.0,1.161038961038961,0.14097197957069874,0.5799434594356737,171.3439777805975,214.0859732972409,154.14545531446942,0
66815.0,1.1473684210526316,0.13904085838634667,0.583521829122381,171.47976546501863,214.1616552983986,158.60669721121405,0
40223.0,1.0946745562130178,0.22406180622650704,0.5882877744138768,166.16478621601118,204.55255879977486,174.9336009202379,0
47566.5,1.0583554376657824,0.20920805836839895,0.5752492789202852,166.35636017151023,203.96679578267083,180.97015141785943,0
44100.0,1.1278688524590164,0.20743860199760286,0.774764803541782,172.64155026998083,223.78696059618903,177.53201838547014,0
20292.0,1.0157232704402517,0.13998622478985986,0.36948961197399804,172.8851988323683,210.35072019907165,144.18739531990238,0
33998.0,1.010909090909091,0.22456108601845365,0.681090610413286,173.8133575988676,226.47167576624202,158.72548169974291,0
21732.0,0.29222520107238603,0.3277486132982227,0.946804339302052,171.92224729241877,226.64138086642598,203.17671480144404,0
12144.5,0.9246231155778895,0.305446509943477,0.7486668927041272,173.7393262040685,231.18453003135804,141.82093752512662,0
7473.0,0.409375,0.15719149681055136,0.8357190785059271,169.06298003072197,214.38645673323092,176.32142857142858,0
2887.5,1.0802469135802468,0.1264629570768227,0.5088554057626222,173.93367675466837,219.9536381197682,113.95975531229877,0
15932.5,0.8818181818181818,0.35803665292409315,0.7574280960304255,173.99114118732697,230.40387573054443,149.97908335896648,0
1905.5,1.396551724137931,0.37154647168821925,0.7923076923076923,171.9667493796526,215.69925558312656,105.32853598014889,0
16601.0,0.9508196721311475,0.2822635417699146,0.8101407900836932,174.35687360113087,234.46395335139593,146.08887972670516,0
16964.5,0.9621621621621622,0.2847513800348346,0.8172314955319507,174.33300657363625,234.28918233191098,147.19449890439395,0
5724.0,0.6243386243386243,0.2947341667575724,0.9442428241504454,173.65705614567526,231.04434328106558,169.9334007755859,0
9109.0,1.3181818181818181,0.3389522264942181,0.7308540939543466,173.5194013896312,222.44885088188136,140.2061998931053,0
992.0,1.0,0.1685364625503424,0.3938852491562438,170.35611510791367,183.9424460431655,89.01978417266187,0
22974.0,1.0301724137931034,0.24501417999340755,0.7514473555097635,171.7743062955543,189.39256638676954,107.53152039555006,0
25224.0,0.9322033898305084,0.3280262752147651,0.8101233299075026,171.8200381902498,172.99111492147617,114.6111609056545,0
11262.5,0.7022653721682848,0.18490702752943422,0.7621125998105291,167.1656489206158,203.240302743614,182.735701384708,0
13515.0,0.7922077922077922,0.1037097229681215,0.5308743813339618,172.15050095928373,189.69572941092872,102.50166986427911,0
13930.0,0.7913043478260869,0.10686072451679222,0.544023744898557,172.10889517631634,189.8479055965772,102.24035608308606,0
13347.5,0.8045454545454546,0.1029406874368453,0.5564472422562221,172.10714028906307,187.84238153447905,100.88315236931042,0
14475.5,0.7685589519650655,0.10330692057469544,0.5881122148414488,172.04249950195896,187.14801779666644,99.3827611395179,0
14103.0,0.7510729613733905,0.10096791056029686,0.569197239375227,172.10562517025335,187.1500953418687,99.27295014982293,0
14353.5,0.7927927927927928,0.10748087993065898,0.5798456815060192,172.07131367292226,188.7064343163539,99.4058981233244,0
13477.0,0.8141592920353983,0.10983449308278927,0.5340492560084009,172.27465943941232,190.82511946366165,104.1741673204479,0
7555.0,0.6644951140065146,0.09412528650051395,0.6505080075770622,171.79791771199197,210.2136226793778,188.2230306071249,0
8077.0,0.6516129032258065,0.06723938530972423,0.6585137173372467,171.73573923166472,211.4909196740396,188.35902211874273,0
6984.0,0.6258064516129033,0.11751149711318162,0.663783681034073,171.83102040816325,210.87510204081633,187.64884353741496,0
1363.0,0.7,0.15737060733481503,0.45923180592991913,7.1639017916390175,139.80557398805573,112.38420703384207,0
1400.0,0.7341772151898734,0.1543927728088205,0.4615131036756222,7.087912087912088,139.53522947640593,113.06593406593406,0
1398.0,0.7341772151898734,0.18547269873020594,0.47110362257792754,7.213959556425309,139.49380300065232,113.02609262883234,0
791.0,1.2413793103448276,0.18127451128673805,0.5707070707070707,8.73631284916201,129.93519553072625,111.01899441340781,0
842.5,1.3035714285714286,0.22534727880395047,0.6301421091997008,8.626865671641792,129.73347547974413,109.66417910447761,0
28776.5,1.048158640226629,0.2616506471991319,0.5960212091713096,173.91892445932555,229.74604530390513,128.34162424408075,0
28657.0,1.036723163841808,0.2561437544218015,0.590543311386562,173.88685004801755,229.2458842090822,128.49814789408697,0
28538.0,1.03954802259887,0.2565990850458734,0.5901035958727073,173.87621409382103,228.95880691602946,127.93121857133015,0
33719.0,1.0336134453781514,0.27196913283860663,0.6169369962766784,173.6661410885307,229.3251868722261,140.27692128007473,0
95480.0,1.2344497607655502,0.1672268971476983,0.7085477664938833,172.58745085867992,218.7115559693772,180.01956341816677,0
91620.5,1.2137592137592137,0.18040191496729566,0.6827008338114647,172.88939093301127,219.75088426864514,180.08757494715957,0
86228.5,1.182716049382716,0.19864465806596862,0.6678064156379239,172.9541917368632,220.0687295856971,177.94475961262964,0
16539.5,1.1004016064257027,0.26623161728816425,0.6707015409570154,173.76978119455944,226.80307510348905,149.82022471910113,0
19275.0,1.0700389105058365,0.29952609045501427,0.7015468607825296,173.73545727517939,227.45345819125654,159.40984274008855,0
19598.5,1.045267489711934,0.3695204355675251,0.7808322874957668,173.36528718334588,223.28412340105342,171.49811888638072,0
17056.0,1.5314685314685315,0.2527054534394488,0.7700573389317802,172.2618433866071,223.6318382310821,134.42550266368792,0
19808.0,2.3221476510067114,0.32031500555902886,0.7879077167859984,173.19163780306778,214.68357248886687,171.87273626917366,0
17308.0,2.4651162790697674,0.3459538610580163,0.8259998091056601,173.14296225026882,215.41671854660706,166.09044088516612,0
14986.0,2.47008547008547,0.36467017197917423,0.8529554056746066,172.99954290191982,213.88592137913022,168.0018936920465,0
8750.5,2.4788732394366195,0.5137674605370512,0.9018344841801504,172.68713026007367,217.62373032704542,136.36901439892844,0
8653.0,2.5142857142857142,0.5119247496344459,0.8978469520103761,172.30598194130926,217.21975169300225,136.25349887133183,0
8073.5,2.4347826086956523,0.5104810706052176,0.8874416048364936,172.38687454677302,217.19712351945856,131.84578196760938,0
9727.0,2.972972972972973,0.40849188018340954,0.85257253045841,172.91889724310778,217.92000000000002,146.486015037594,0
2003.0,1.4603174603174602,0.3706513336437849,0.8503502441095309,161.02743614001892,225.33207190160832,112.21475875118259,0
1849.5,1.4915254237288136,0.3797834197800154,0.858834455537497,162.49770056208484,225.55339805825244,110.20132856412879,0
1740.0,1.653061224489796,0.46731671387196155,0.909328455709433,167.72013093289686,229.34097108565192,109.50954719039825,0
3299.5,0.6910569105691057,0.13913893985465503,0.5332094376212023,112.805249788315,187.91786621507197,134.4419983065199,0
2187.0,1.5526315789473684,0.1509010844805379,0.7184625492772667,173.66455428812844,201.17025771018166,97.65145754119138,0
1417.0,1.5128205128205128,0.18730077867275377,0.8387096774193549,173.95531088082902,196.6806994818653,105.15349740932643,0
741.0,1.4489795918367347,0.26355528869021533,0.8420454545454545,173.88766788766787,201.9010989010989,94.28327228327228,0
671.0,1.4565217391304348,0.27125960036772956,0.8074608904933814,173.79166666666669,202.46639784946237,94.16801075268818,0
1560.0,1.4268292682926829,0.2075865245036257,0.8664259927797834,174.13242280285036,196.72387173396675,109.51543942992875,0
2415.0,1.5375,0.16459987086628786,0.7517509727626459,174.16968762051678,198.16236020053992,101.32279213266487,0
1475.5,3.682926829268293,0.15968770085077805,0.7881944444444444,174.2872014696877,190.87875076546234,97.7636252296387,0
1488.0,3.604651162790698,0.1527971117327767,0.7931769722814499,174.09217707701637,190.80109157064888,96.57186173438448,0
2194.5,1.78,0.4015355821179065,0.7401349072512647,122.83556901774124,174.31890956295976,169.77066205106013,0
1036.5,4.032258064516129,0.1483926993740099,0.7486457204767064,170.69906223358907,155.94799658994032,92.58653026427963,0
1360.0,2.8,0.1174369337933791,0.5643153526970954,170.6875,155.31966145833331,91.04296875,0
1210.5,2.7333333333333334,0.1328282453671338,0.5745135263407689,170.71303074670573,154.63323572474377,91.50585651537335,0
1152.5,2.902439024390244,0.16189415782769337,0.6280653950953679,170.82403100775193,153.53720930232558,90.57906976744187,0
482.0,0.7058823529411765,0.6314322052489737,0.8692515779981965,9.356736242884251,133.5123339658444,88.280834914611,0
477.0,1.5,0.3587853161932712,0.6933139534883721,6.58955223880597,135.84888059701493,96.07089552238806,0
936.5,0.9534883720930233,0.473573015302115,0.7994024754588135,8.33664349553128,132.52333664349553,112.60377358490565,0
923.5,1.0232558139534884,0.35961894468304295,0.7569672131147541,8.196019900497513,132.30646766169153,112.18905472636816,0
364.5,0.46511627906976744,0.32153162794382906,0.7864077669902912,8.528571428571428,129.03095238095239,99.11904761904763,0
387.0,0.4418604651162791,0.39635106688794164,0.7914110429447853,8.230593607305936,130.0799086757991,98.04337899543378,0
344.0,0.4090909090909091,0.3428707686324716,0.7747747747747747,7.919395465994962,129.44080604534005,94.86146095717883,0
664.0,0.972972972972973,0.41133618247680076,0.8233106013639182,8.308219178082192,126.09041095890412,95.62602739726027,0
16.0,1.0,0.7853981633974483,1.0,10.0,135.32,93.76,0
458.0,0.6923076923076923,0.3914508374524901,0.7862660944206008,8.746588693957115,125.46978557504873,96.46978557504873,0
136.5,1.0,0.598026725310044,0.8863636363636364,8.623456790123456,124.4074074074074,97.87654320987654,0
2183.5,0.78,0.14347052779830793,0.46206750608401226,56.356572868542635,155.56152876942463,114.17261654766905,0
2876.5,0.797979797979798,0.22520468927529777,0.5646839418924224,44.658480681074,150.2472167648985,107.48821218074657,0
2272.0,0.9285714285714286,0.17340838626586094,0.5136204363060924,50.85586319218241,153.7333061889251,111.15798045602607,0
1920.0,1.1428571428571428,0.209602556759527,0.5529953917050692,60.77413127413128,157.05646718146718,117.20125482625483,0
15377.0,1.183206106870229,0.5183960646896681,0.8940636083493226,168.63609656405671,236.87469664069488,182.38280751053776,1
16028.0,0.9819277108433735,0.6005395372706632,0.9219176900290472,168.76500952498,237.82725987832603,166.16161740306026,1
16140.0,0.9878787878787879,0.5697524397348519,0.9096801465407919,167.46215309545593,237.04745349191828,172.2732540408661,1
16221.0,1.0,0.5694447437284064,0.9192712022895356,167.56633891721293,236.95186938577325,172.37982520029132,1
16319.5,1.018181818181818,0.5657741032487856,0.9152575642859145,167.27634674549074,236.59268866501782,172.09929420281114,1
16274.0,0.9939393939393939,0.5918687411321818,0.926237905520774,167.96593040847202,237.0507715582451,171.7906202723147,1
16403.5,1.0,0.5487687136210042,0.9060704816615113,167.21408856354253,236.67466698667945,171.04476179047163,1
5251.5,0.7103448275862069,0.3825381673891132,0.8834216502649508,172.14283081459638,241.7788426096572,196.15020272760782,1
5006.0,0.6466666666666666,0.3296848697515379,0.8976956872590335,172.04561200923786,243.04368745188606,196.63010007698227,1
19061.0,1.054945054945055,0.5273970297538677,0.927046349885706,168.76137774100124,239.14599710384772,193.49255275134462,1
1422.5,0.4457831325301205,0.27513219143119894,0.63746358951378,7.343322475570033,131.5785016286645,123.29185667752444,1
1016.0,0.5573770491803278,0.3559242067816194,0.7298850574712644,6.763372620126926,142.7651858567543,109.85312783318223,1
973.0,0.6964285714285714,0.2528962334791043,0.594017094017094,6.753258845437617,143.4003724394786,115.48137802607076,1
574.5,0.9142857142857143,0.38186553167075643,0.8125884016973126,7.813186813186814,125.7221350078493,117.98587127158557,1
615.0,0.8648648648648649,0.576922090343891,0.9084194977843427,7.716216216216216,125.82582582582583,117.54504504504504,1
1154.5,0.7183098591549296,0.158132519971753,0.45009746588693955,6.579395817195972,141.3508907823393,113.14329976762201,1
827.0,0.6610169491525424,0.20707362517151426,0.5316618450658952,6.795258620689655,142.80280172413794,112.03663793103448,1
792.5,0.6491228070175439,0.21158094127740193,0.5573136427566807,6.787878787878788,142.4186307519641,112.30078563411898,1
604.0,0.6851851851851852,0.21613329805443376,0.45007451564828616,9.553623188405798,141.27391304347827,113.58840579710144,1
608.0,0.6727272727272727,0.20856591438443042,0.45003700962250187,9.511494252873563,142.13505747126436,114.7485632183908,1
9005.5,3.5121951219512195,0.09052566169500277,0.5211214628783056,168.40351246187822,166.86192028604478,94.60469029340624,1
8689.5,3.4819277108433737,0.08982470379353123,0.49735283175457173,167.8300304878049,165.71341463414635,95.73290505226481,1
8968.0,3.2209302325581395,0.08306089625212058,0.4727589024486676,168.18740124302118,163.6361529548088,96.09143579479617,1
